posicao_2026;posicao_2025;razao_social;uf;faturamento_2025_brl
1;1;"CARREFOUR COMÉRCIO E INDÚSTRIA LTDA.";SP;123594300000
2;2;"ASSAÍ ATACADISTA";SP;84736000000
3;3;"MATEUS SUPERMERCADOS S.A.";MA;31001972579
4;4;"SUPERMERCADOS BH COMÉRCIO DE ALIMENTOS S.A.";MG;25724242808
5;5;"GPA";SP;20631000000
6;6;"IRMÃOS MUFFATO S.A";PR;20355475718
7;7;"GRUPO PEREIRA";SP;17530890000
8;10;"KOCH HIPERMERCADO S.A.";SC;12925675000
9;19;"NOVO MATEUS S.A.";PE;12549927422
10;8;"MART MINAS ATACADO E VAREJO & DOM ATACADISTA";MG;12549621329
11;Nova;"REDE SMART SUPERMERCADOS";MG;11811008373
12;9;"CENCOSUD BRASIL COMERCIAL LTDA.";SP;10012691000
13;11;"PLURIX";SP;9621221000
14;13;"DMA DISTRIBUIDORA S.A.";MG;8908482537
15;12;"COMPANHIA ZAFFARI COMÉRCIO E INDÚSTRIA";RS;8830000000
16;14;"TENDA ATACADO S.A.";SP;8031899208
17;16;"SAVEGNAGO SUPERMERCADOS LTDA.";SP;7985062012
18;15;"COSTA ATACADÃO/GRUPO JC";GO;7803990078
19;20;"COMERCIAL ZAFFARI LTDA.";RS;6840608187
20;17;"ATACADÃO DIA A DIA S.A.";DF;6677352458
21;22;"ATAKAREJO DISTRIBUIDOR DE ALIMENTOS E BEBIDAS S.A.";BA;6320525623
22;18;"SONDA SUPERMERCADOS EXPORTAÇÃO E IMPORTAÇÃO S.A.";SP;6121929829
23;23;"GRUPO ABC";MG;5537280000
24;21;"LÍDER COMÉRCIO E INDÚSTRIA LTDA.";PA;5448791436
25;24;"GRUPO SUPERNOSSO";MG;5105278519
26;27;"GIASSI E CIA. LTDA.";SC;4498565100
27;25;"SUPERMERCADO BAHAMAS S.A.";MG;4491803536
28;29;"PAGUE MENOS COM. DE PROD. ALIM. LTDA.";SP;4337217000
29;26;"COMERCIAL ZARAGOZA IMP E EXP LTDA.";SP;4316000000
29;239;"ORGANIZAÇÃO MARINGA LTDA.";RJ;267524000
30;28;"ROLDÃO AUTOSSERVICO COMÉRCIO DE ALIMENTOS LTDA.";SP;4067716000
31;30;"A. ANGELONI E CIA. LTDA.";SC;3897395945
32;31;"CEMA CENTRAL MINEIRA ATACADISTA LTDA. (VILLEFORT)";MG;3622474000
33;32;"TAUSTE SUPERMERCADOS LTDA.";SP;3507644251
34;33;"CENTRO OESTE COMERCIAL DE ALIMENTOS LTDA.";DF;3477564866
35;Nova;"MERCANTIL NOVA ERA LTDA.";AM;3255000000
36;35;"GRUPO COUTINHO";ES;3144044332
37;34;"UNIDASUL DISTRIBUIDORA ALIMENTÍCIA S.A.";RS;3132314184
38;39;"PASSARELA CENTER LTDA.";SC;3031423887
39;36;"MUNDIALMIX COMÉRCIO DE ALIMENTOS LTDA.";SC;3023596251
40;37;"JAD ZOGHEIB E CIA. LTDA.";SP;2950631891
41;43;"CIA. BEAL DE ALIMENTOS";PR;2911094773
42;42;"SILVA E BARBOSA COMÉRCIO DE ALIMENTOS LTDA.";SP;2777458100
43;40;"SÃO CRISTOVÃO INVESTIMENTOS E PARTICIPAÇÕES S.A.";DF;2693054202
44;41;"COOP COOPERATIVA DE CONSUMO";SP;2565841808
45;44;"SUPERMERCADO NORDESTÃO LTDA.";RN;2563401938
46;47;"SUPERMERCADOS CAVICCHIOLLI LTDA.";SP;2508915415
47;45;"AM PM COMESTÍVEIS LTDA.";SP;2277304828
48;50;"COVABRA SUPERMERCADO LTDA.";SP;2227751802
49;46;"TORRE E CIA. SUPERMERCADOS S.A.";RJ;2168757504
50;38;"DIA BRASIL SOCIEDADE LTDA.";SP;2080907641
51;49;"SUPERMERCADOS ALVORADA LTDA.";RJ;2021323351
52;62;"DEL MORO & DEL MORO LTDA.";MT;1894298495
53;56;"SUPERMERCADO QUEIROZ LTDA.";RN;1866344167
54;53;"DISTRIBUIDORA DE ALIMENTOS FARTURA S.A.";CE;1846971517
55;51;"COSTAZUL ALIMENTOS";RJ;1809533224
56;48;"IMPORTADORA E EXPORTADORA DE CEREAIS S.A.";RS;1799779160
57;52;"SUPERMERCADOS IRMÃOS LOPES S.A.";SP;1767408135
58;61;"ORGANIZACAO VERDEMAR LTDA.";MG;1755687035
59;55;"FORMOSA SUPERMERCADOS & MAGAZINE LTDA.";PA;1745483112
60;60;"SUPERMERCADO JACOMAR LTDA.";PR;1695000000
61;57;"SUPERMERCADO COMETA EIRELE";CE;1693005414
62;59;"LOPES SUPERMERCADOS LTDA.";SP;1672320198
63;Nova;"ÍTALO SUPERMERCADOS LTDA.";PR;1671706373
64;58;"RMC COMÉRCIO DE ALIMENTOS LTDA.";PI;1663651037
65;64;"D´AVÓ SUPERMERCADOS LTDA.";SP;1616376784
66;63;"A.C.D.A IMPORTAÇÃO E EXPORTAÇÃO LTDA.";AC;1611855620
67;54;"ASUN COMÉRCIO DE GÊNEROS ALIMENTÍCIOS LTDA.";RS;1570937517
68;65;"MASTER A.T.S. SUPERMERCADO LTDA.";RS;1492524570
69;67;"GRUPO CHAMA DE DISTRIBUIÇÃO LTDA.";SP;1490747207
70;70;"NAOMI COMÉRCIO ALIMENTOS LTDA.";RJ;1438799653
71;69;"A.B.V. COM. DE ALIM. LTDA.";MS;1382002502
72;72;"BATISTA & IZEPE LTDA.";PR;1374692852
73;71;"PERUZZO SUPERMERCADOS";RS;1353672717
74;76;"LIBRAGA BRANDÃO & CIA. LTDA.";RS;1320526208
75;74;"SUPERMERCADO DA FAMILIA S.A.";PE;1307329485
76;78;"TRIMAIS SUPERMERCADOS LTDA.";SP;1288237085
77;75;"ÂNCORA DISTRIBUIDORA DE ALIMENTOS LTDA.";CE;1281658216
78;77;"RMIX COMÉRCIO DE GÊNEROS ALIMENTICIOS LTDA.";BA;1249577381
79;84;"HIGA PRODUTOS ALIMENTÍCIOS LTDA.";SP;1221851769
80;73;"COMERCIAL DE GEN. ALIM. PREÇO BAIXO LTDA.";PA;1186215857
81;82;"GTOP DISTRIBUIÇÃO LTDA.";SC;1172103399
82;81;"REDE DE DISTRIBUIÇÃO ZEFERINO LTDA.";SP;1157396000
83;79;"SUPERMERCADO SUPER LUNA S.A.";MG;1141860152
84;80;"HIPERIDEAL EMPREENDIMENTOS LTDA.";BA;1116455308
85;88;"SUPERMERCADO GUANABARA S.A.";RS;1071222005
86;93;"S. PIRES COMÉRCIO DE ALIMENTOS LTDA.";MS;1038615817
87;86;"M.N. SUPERMERCADOS LTDA.";MG;1026387975
88;97;"NOSSO ATACAREJO COMÉRCIO DE GENEROS ALIMENTÍCIOS LTDA";RN;1022027392
89;89;"ANDORINHA SUPERMERCADO LTDA.";SP;1014369000
90;96;"SUPERVIZA SUPERMERCADOS LTDA.";SC;976060892
91;101;"OSMAR NICOLINI COMÉRCIO E DISTRIBUIÇÃO S.A.";RS;974625795
92;102;"GCA - DISTRIBUIDORA COMERCIAL DE ALIMENTOS LTDA.";PR;957914833
93;100;"COMERCIAL REIS LTDA.";GO;950157630
94;126;"MIX VALI COMÉRCIO DE PRODUTOS ALIMENTÍCIOS LTDA.";SP;949184505
95;92;"SUPERMERCADO ARCHER S.A.";SC;939912130
96;95;"SUPERMERCADO IQUEGAMI LTDA.";SP;931200831
97;99;"COMERCIAL OSWALDO CRUZ LTDA.";SP;925281641
98;Nova;"COOPERATIVA DALIA ALIMENTOS LTDA.";RS;913891661
99;91;"SUPERMERCADO VIANENSE LTDA.";RJ;899551623
100;90;"DISTRIBUIÇÃO DE ALIMENTOS VANGUARDA S.A.";PI;891577902
101;110;"SUPERMERCADOS BAVARESCO LTDA.";PR;889088594
102;105;"SUPERMERCADO DELTA MAX LTDA.";SP;878797111
103;Nova;"AYUMI SUPERMERCADOS LTDA.";SP;862837305
104;87;"GOMES PAIXÃO & CIA. LTDA.";PB;860000000
105;83;"LUIZ TONIN ATACADISTA E SUPERMERCADO S.A.";MG;856164739
106;94;"COMERCIAL DE ALIMENTOS GILMAR LTDA.";BA;831032781
107;104;"MAGLIONI RIBEIRO & CIA. LTDA.";MG;824934515
108;109;"NOVO MIX ATACADO DE ALIMENTOS LTDA.";BA;814538240
109;116;"CENTERBOX SUPERMERCADOS LTDA.";CE;803732285
110;106;"SANCHES & VECCHIATE LTDA.";PR;801043198
111;107;"BOM VIZINHO DISTRIBUIDORA DE ALIMENTOS LTDA.";CE;788535322
112;117;"SUPERMERCADOS IRANI LTDA.";PR;772097524
113;108;"R.F. ATACADO DE ALIMENTOS S.A.";BA;763144439
114;112;"COFESA COMERCIAL FERREIRA SANTOS LTDA.";SP;755729779
115;111;"COMERCIAL VILLA SIMPATIA LTDA.";SP;734052580
116;113;"UNICOMPRA SUPERMERCADOS LTDA.";AL;728444845
117;120;"RIGHI COMÉRCIO DE GENEROS ALIMENTICIOS LTDA.";RS;681353246
118;119;"SUPERMERCADO BERNARDÃO LTDA.";MG;678034997
119;125;"BONANZA SUPERMERCADO LTDA.";PE;673644000
120;118;"VRA COMÉRCIO LTDA.";MS;666743554
121;124;"SUPERMERCADO BAKLIZI LTDA.";RS;656951934
122;133;"SUPERMERCADOS GRICKI LTDA.";SP;655825739
123;121;"GERMANS DISTRIBUIDORA COMESTIVEIS LTDA.";RJ;645287694
124;115;"QUARTETTO SUPERMERCADOS LTDA.";TO;635820727
125;123;"C. VALE COOPERATIVA AGROINDUSTRIAL";PR;633047269
126;Nova;"REDE GRAND MARCHÉ DE SUPERMERCADOS";RJ;620000000
127;138;"SUPERMERCADOS MIALICH LTDA.";SP;614698751
128;128;"FARIAS SUPERMERCADOS EIRELI";PB;601707807
129;127;"MWN COMERCIAL DE ALIM. LTDA.";CE;596336440
130;130;"SUPERMERCADO MORANGUINHO LTDA.";CE;594132516
131;139;"SERRANO AUTOSSERVICO LTDA.";SP;590196035
132;134;"COTRIPAL AGROPECUÁRIA COOPERATIVA";RS;586541549
133;135;"BIG MAIS SUPERMERCADO LTDA.";MG;584380000
134;136;"AGRICER DISTRIBIDORA E COMERCIAL DE PROD. ALIM. LTDA.";PR;569287110
135;131;"CASA RENA S.A.";MG;563176553
136;129;"DINIZ SUPERMERCADOS LIMITADA";CE;560682472
137;132;"REDE PLUS SUPERMERCADOS LTDA.";SP;544000000
138;144;"FORMENTON S.A.";RS;543190243
139;Nova;"REDE PARAÍBA DE SUPERMERCADOS";PB;539004830
140;137;"PEDRO MARCIO DA FONSECA & CIA. LTDA.";SP;534970163
141;155;"SUPERMERCADO E RESTAURANTE JVA EIRELI";SP;524887803
142;Nova;"DISTRIBUIDORA DE ALIMENTOS BEIRA RIO LAJEADO LTDA.";RS;520435832
143;140;"SUPERMERCADO BELTRAME LTDA.";RS;512245778
144;142;"REDE SUPERMERCADO MAIS BARATO LTDA.";PA;505980899
145;156;"SUPERMERCADOS BIG COMPRA LTDA.";SP;501887744
146;146;"REDE MENOR PREÇO SUPERMERCADO LTDA.";PB;501700000
147;161;"COMERCIAL PRAIAS BELAS LTDA.";RN;500082499
148;150;"ARMAZÉM DO GRÃO LTDA.";RJ;479448682
149;141;"COMERCIAL DE SECOS E MOLHADOS DAL POZZO LTDA.";PR;476408004
150;152;"SUPERMERCADO CAROL LTDA.";SC;471763781
151;Nova;"QUEIROZ DISTRIBUIDORA LTDA.";CE;467035387
152;187;"MEU PRATA SUPERMERCADOS LTDA.";MG;456405917
153;153;"SUPERMERCADO FENIX LTDA.";PE;453870339
154;149;"M. A. SILVA E SILVA LTDA.";AP;451809112
155;222;"CRESTANI & FILHOS LTDA.";MT;447173585
156;196;"IRMÃOS ZAT LTDA.";SC;445365100
157;159;"SUPERVI DISTRIBUIDOR DE ALIMENTOS LTDA.";GO;437817668
158;151;"J. MARTINS SUPERMERCADO PLANALTO LTDA.";PR;434454376
159;157;"A. A. DE MELO & CIA. LTDA.";SP;430980000
160;154;"ALLMAYER SUPERMERCADO LTDA.";PR;429160960
161;Nova;"ECONÔMICO COMÉRCIO DE ALIMENTOS LTDA.";PE;426380318
162;145;"COMERCIAL ALIMENTOS ITA LTDA.";DF;426346714
163;158;"MIG ATACADO E VAREJO LTDA.";PR;422894844
164;163;"NOVA ESTRELA COMÉRCIO DE ALIMENTOS S.A.";MS;421589977
165;184;"LOCATELLI SUPERMERCADOS E SERVIÇOS LTDA.";ES;416095668
166;165;"MACAMO ALIMENTOS EIRELI";RS;415000000
167;160;"LAR COOPERATIVA AGROINDUSTRIAL";PR;413520994
168;173;"JOSÉ CARLOS NORI & CIA. LTDA.";SP;404998137
169;143;"PAX SUPERMERCADOS LTDA.";RJ;400000000
170;Nova;"MIXBAHIA S.A.";BA;398474146
171;177;"SUPERMERCADO ESTRELA DE REGENTE FEIJÓ LTDA.";SP;391052389
172;169;"MAX CENTER CENTRO DE COMPRAS LTDA.";RS;387570577
173;170;"CASA VISCARDI S.A. COMÉRCIO IMPORTAÇÃO";PR;387413139
174;171;"SUPERMERCADO ESKYNÃO LTDA.";MG;386428746
175;162;"TREICHEL MACROMERCADO LTDA.";RS;385791299
176;206;"UNIMAR SUPERMERCADO E ATACADO LTDA.";BA;385200000
177;189;"COOPERATIVA DE CONSUMO POPULAR DE CERQUILHO";SP;383127231
178;179;"L&G ALIMENTOS DO BRASIL LTDA.";AC;378350305
179;174;"SUPERMERCADO MANENTTI LTDA.";SC;375060796
180;Nova;"SMARTSTORE COMÉRCIO E LICENCIAMENTO LTDA.";SP;371000000
181;183;"COMERCIAL DE ALIMENTOS SUPERBOM LTDA.";DF;368956652
182;175;"DIAS PASTORINHO S.A. COMÉRCIO E INDÚSTRIA";SP;365355380
183;166;"HIPER SELECT SUPERMERCADOS";SC;364603404
184;176;"UNIBOX DINARDELLI COMÉRCIO E DISTRIBUIÇÃO LTDA.";SC;362936700
185;178;"SUPERMERCADO REAL DE NITERÓI LTDA.";RJ;362752628
186;182;"BRASÃO SUPERMERCADO S.A.";SC;358019716
187;198;"JUBA SUPERMERCADO LTDA.";MT;357696902
188;191;"A.R. FILHO & CIA. LTDA.";AP;357000000
189;195;"S.S. COMÉRCIO DE ALIMENTOS LTDA.";SP;356481405
190;185;"JORGE BATISTA & CIA. LTDA.";PI;343032961
191;219;"MEZZALIRA & CIA. LTDA.";SC;339143856
192;167;"LEITE & PARANHOS LTDA.";AL;338000000
193;192;"J.L. DE MEDEIROS & ARAÚJO LTDA.";RN;336049140
194;Nova;"SANTO COMÉRCIO E IMPORTAÇÃO DE PRODUTOS ALIMENTÍCIOS LTDA.";SP;335916048
195;Nova;"MARKET4U GESTÃO DE LICENCAS S.A.";PR;335468017
196;186;"SUPERMERCADO PRO BRASIL LTDA.";GO;329735454
197;181;"F.M. FERREIRA DE SOUSA LTDA.";PI;328525393
198;193;"COPACOL COOPERATIVA AGROINDUSTRIAL CONSOLATA";PR;328212285
199;180;"CASA SANTA LTDA.";PA;325880000
200;201;"EXAMINE SUPERMERCADOS LTDA.";SP;325000000
201;188;"COOPERATIVA TRITICOLA SARANDI LTDA.";RS;322000000
202;213;"ARMAZÉM BRASIL LIMITADA";MG;321097471
203;223;"OLIVEIRA E CARNEIRO LTDA.";MS;319402805
204;227;"SUPERMERCADO NIDOBOX LTDA.";CE;319330249
205;203;"VIEZZER E CIA. LTDA.";RS;316526437
206;207;"MERCADO DE ALIMENTOS CAMPOS LTDA.";SC;315197445
207;197;"BENEDETTI E BENEDETTI LTDA.";RS;313541315
208;208;"ALMEIDA MERCADOS COMÉRCIO DIS. E IMPORTADORA LTDA.";PR;304004401
209;Nova;"LOURENCINI COMÉRCIO DE ALIMENTOS LTDA.";SP;303494032
210;215;"COMPANHIA APOLO DE SUPERMERCADOS";RS;302287472
211;237;"UBERABA SUPERMERCADOS LTDA.";MG;302219539
212;204;"CEREALISTA OLIVEIRA LTDA.";RS;300297690
213;194;"COOPERATIVA TRITICOLA SANTA ROSA LTDA.";RS;300159296
214;205;"MERCANTIL BASTOS LTDA.";MG;299303424
215;212;"L.S. GUARATO LTDA.";MG;296011948
216;224;"SUPERMERCADO GUGUY LTDA.";PR;294630500
217;209;"NESTOR LACHMAN & CIA. LTDA.";PR;292827080
218;232;"ORIUNDI SUPERMERCADOS LTDA.";ES;286311972
219;202;"COOP AGRO COPAGRIL";PR;279671066
220;218;"COOPERATIVA SANTA CLARA LTDA.";RS;279123353
221;241;"SUPERMERCADO MÃE RAINHA LTDA.";CE;277551420
222;214;"RANCHO BOM SUPERMERCADOS LTDA.";SC;277092938
223;216;"ITÃO SUPERMERCADO IMP EXP S.A.";BA;276339000
224;225;"COOP DOS PLANTADORES DE CANA DO OESTE DO ESTADO DE SP";SP;275797407
225;246;"CAMPOS PAVANI DE MACAÉ COMÉRCIO DE ALIMENTOS LTDA.";RJ;275051359
226;231;"SUPERMERCADO DO POVO LTDA.";CE;274514197
227;220;"CABRAL E MAIA LTDA.";GO;272973159
228;226;"NOVO VAREJO COMERCIAL DE ALIMENTOS LTDA.";BA;268992000
230;233;"SUPERMERCADO BRUDA LTDA.";SC;267426989
231;229;"SUPERMERCADO MOREIRA LTDA.";GO;264510798
232;217;"ZEBU CARNES SUPERMERCADOS LTDA.";MG;264000000
233;253;"VENDRAMINI FILHOS LTDA.";PR;262548181
234;234;"MONIARI SUPERMERCADOS LTDA.";SC;261228272
235;228;"SUPERMERCADOS MYATA LTDA.";SC;256565730
236;240;"SUPERMERCADO IRMÃOS DO VALE LTDA.";SP;256251308
237;245;"CENTER SUL COMÉRCIO E DISTRIBUIÇÃO LTDA.";PR;255990000
238;244;"KARNE KEIJO LOGISTICA INTEGRADA LTDA.";PE;255657373
239;230;"B.A. BARBOSA SUPERMERCADO LTDA";SP;254000000
240;236;"COOPERATIVA REGIONAL AGROPECUARIA VALE DO ITAJAÍ";SC;250369872
241;Nova;"COMERCIAL DE ALIMENTOS SERRA LTDA.";RS;250280563
242;344;"IRMÃOS MARAFÃO LTDA.";SP;250122790
243;238;"COOPERATIVA DE CONSUMO DE INÚBIA PAULISTA";SP;248374056
244;235;"MILLER COMÉRCIO DE ALIMENTOS LTDA.";RS;248031393
245;248;"COOP PRODUTOS CONSUMO CONCORDIA";SC;245019298
246;168;"ALTHOFF SUPERMERCADOS LTDA.";SC;245000000
247;190;"G.S. COMÉRCIO DE PRODUTOS ALIMENTÍCIOS LTDA.";GO;238930548
248;Nova;"SUPERMERCADO BOAS COMPRAS LTDA.";PE;237569591
249;267;"SUPERMERCADOS SÃO LUIZ LTDA.";AL;236990161
250;275;"COOPERATIVA REGIONAL AGROPECUARIA DE CAMPOS NOVOS";SC;236763738
251;266;"N.N.K SUPERMERCADOS LTDA.";SP;236300754
252;257;"SUPER PORTUGAL COMÉRCIO VAREJISTA LTDA.";CE;232687783
253;243;"M&B SORRISO SUPERMERCADO LTDA.";RS;231261245
254;210;"BANDEIRANTE SUPERMERCADOS BRASIL LTDA.";SP;230859052
255;259;"DAMASCENO & DAMASCENO LTDA.";MS;230845425
256;276;"COMPANHIA TISCHLER & CIA. LTDA.";RS;228835103
257;256;"JARBAS CORREA FILHO E CIA. LTDA.";MG;226037910
258;249;"SCHMACHTENBERG & CIA. LTDA.";RS;224668228
259;261;"LISBOA SUPERMERCADOS LTDA.";CE;223793557
260;252;"COOPERATIVA DE CONSUMO DOS EMPREGADOS DA USIMINAS LTDA.";MG;221523320
261;268;"SUPERMERCADO SERVE TODOS PIRAJUÍ LTDA.";SP;218444038
262;260;"COOPERATIVA MISTA SÃO LUIZ LTDA.";RS;218154170
263;254;"COMERCIAL DE ALIM. SAN GERARDO LTDA.";CE;215670706
264;255;"SUPERMERCADO SILVEIRA LTDA.";SC;215000000
265;263;"COMERCIAL DE ALIMENTOS GP MAIS LTDA.";MS;214993494
266;Nova;"J. R. LIRA LTDA.";PA;210985784
267;Nova;"GIGANTÃO SUPERMERCADOS LTDA.";SP;207818497
268;251;"ARROZ ESTRELA LTDA.";SP;206974188
269;299;"ZAT ATACADO E VAREJO LTDA.";SC;202000000
270;247;"JCHAGAS ALIMENTOS LTDA.";MS;201397266
271;262;"CENTER SHOP COMÉRCIO DE ALIMENTOS LTDA.";RS;200679588
272;271;"SUPERMERCADO DO NORTE DO BRASIL LTDA.";PA;196886701
273;270;"SUPERMERCADOS CESTA DE ALIMENTOS LTDA.";AL;194681644
274;273;"SUPER KAN LTDA.";RS;194009729
275;Nova;"SINDICATO DOS TRABALHADORES RURAIS DE LAJEADO";RS;191045840
276;264;"FASOUTO FARIA SOUTO COMÉRCIO LTDA.";SE;190000000
277;274;"VILA SUL COMÉRCIO DE ALIMENTOS LTDA.";MG;186407603
278;284;"FRIOS VILHENA IMP. E EXP. LTDA.";AC;185458525
279;317;"SUPERMERCADO CALVI LTDA.";ES;185356849
280;Nova;"SUPERMERCADO BATISTA LTDA.";PA;183325000
281;269;"COMERCIAL 3 LETRAS LTDA.";RS;182006149
282;277;"SUPERMERCADO COMPRE CERTO LTDA";CE;180847600
283;278;"ROXO ATACADO E VAREJO LTDA.";RS;179113507
284;297;"SUPERMERCADO PAULISTA LTDA. - EPP";MT;178289682
285;279;"MERCADO ALIANDES LTDA. ME.";SC;177126661
286;Nova;"VANCOSTY COMÉRCIO E DISTRIBUIÇÃO LTDA.";RS;177112422
287;281;"MERCADINHO CESTÃO LTDA.";PB;176944000
288;285;"ORGANIZACOES MARQUES CENTER LTDA.";MG;174828436
289;265;"SUPERMERCADO PEIXOTO E FILHOS LTDA.";MG;174528033
290;272;"COTRIJAL COOP AGROPECUARIA E INDUSTRIAL";RS;172875550
291;280;"COOPERATIVA TRITICOLA DE ESPUMOSO LTDA. - COTRIEL";RS;172549296
292;290;"SUPERMERCADO DO IRMÃO LTDA.";MG;172081852
293;Nova;"TRIO SUPERMERCADOS LTDA.";SP;169630767
294;288;"ANTONIO EVANIR CARNEIRO JUNIOR ME.";CE;169000000
295;Nova;"SOLDIE COMÉRCIO DE PRODUTOS ALIMENTÍCIOS LTDA.";SP;169000000
296;286;"COOPERATIVA AGRICOLA CAIRU LTDA.";RS;168837731
297;Nova;"DARIO NEVES & CIA LTDA.";RS;168817986
298;291;"A. DAHER & CIA. LTDA.";SP;165790350
299;298;"OLIVEIRA E NOBRE SUPERMERCADO LTDA.";AL;164898461
300;282;"GUARAPARI COM GEN. ALIM. LTDA.";RS;162808933
301;294;"A.J. BOBATO LTDA.";PR;160273855
302;Nova;"COMERCIAL DE LATICÍNIOS LITORAL NORTE IMP. E EXPORTAÇÃO LTDA.";SP;159826547
303;311;"D´VILLE SUPERMERCADOS S.A.";MG;155748000
304;292;"IRMÃOS RUSCITO LTDA.";SP;155533591
305;306;"LENZ & CIA. LTDA.";RS;154357861
306;293;"SUPERMERCADO BAIRRO ALTO IMPORTAÇÃO E EXPORTAÇÃO LTDA.";MG;153986852
307;301;"MERCADO JARDIM ZAIRA LTDA.";SP;150981158
308;327;"SUPER CINTRA COMÉRCIO DE ALIMENTOS LTDA.";BA;149348788
309;300;"CEREALISTA MARTENDAL LTDA.";SC;145970872
310;333;"MAKRO CHUI SUPERMERCADO EIRELI";RS;145000000
311;304;"IRMÃOS LIMA LTDA.";MG;144844586
312;338;"SUPERMERCADOS KERN LTDA.";RS;144228131
313;Nova;"J & A SUPERMERCADO DE ALIMENTOS LTDA.";PE;144000000
314;295;"VENEZA SUPERMERCADO LTDA.";PE;143730212
315;308;"COMERCIAL DE ALIMENTOS DE ANGELINA LTDA.";SC;142327626
316;328;"SUPERMERCADO THOMÉ LTDA";MS;142204439
317;302;"SUPERMERCADO ROMANCINI LTDA. - ME";MT;141266000
318;305;"MERCADINHO D. HELDER ALIMENTOS LTDA.";PE;140803290
319;303;"SUPERMERCADO SÃO JERONIMO EIRELI";MG;139581136
320;312;"COOPERATIVA REGIONAL AURIVERDE";SC;137843373
321;313;"MICHELASSI & CIA. LTDA.";SP;133799130
322;341;"BOM MERCADO COM ALIM. LTDA.";RS;131971000
323;324;"MERCADO PAG POKO LTDA.";MS;131280769
324;258;"SUPERMERCADO DEGRAU LTDA.";MG;130802218
325;320;"SUPERMERCADO MARCOLAN LTDA.";RS;130603268
326;329;"GERALDO PAIVA DOS SANTOS JUNIOR EIRELI";RN;129350580
327;314;"BARBOSA E SOUZA COMÉRCIO DE ALIMENTOS LTDA.";PB;128000000
328;323;"SUPER NOVO COMÉRCIO DE ALIMENTOS LTDA.";RS;125954421
329;309;"REI DA ECONOMIA COM. VAR. DE ALIMENTOS EIRELI";PB;125568187
330;Nova;"SUPERMERCADO PREÇO IDEAL LTDA.";SP;123000000
331;325;"SUPERMERCADO BARATÃO LTDA.";CE;122579546
332;332;"PADARIA E PASTELARIA BRASIL LTDA.";PB;122439284
333;Nova;"GRUPO PONTES & SOARES";PB;122007371
334;315;"SUPERMERCADO NOVA EUROPA LTDA.";MG;121805479
335;336;"CENTRO COMERCIAL CONQUISTA LTDA.";GO;120612247
336;283;"GRIFFO SUPERMERCADO LTDA.";SC;120214188
337;Nova;"SUPERMERCADO DUANDRA MEGASTORE LTDA.";SP;120000000
338;Nova;"CIDADE BRANCA COMÉRCIO DE ALIMENTOS LTDA.";MS;120000000
339;Nova;"G.A. GOIS SUPERMERCADOS LTDA.";RN;119589061
340;319;"SUPERMAGO COMÉRCIO LTDA.";RS;119381940
341;322;"IRMÃOS LINKE & CIA. LTDA.";RS;119100000
342;Nova;"SUPERMERCADO JEPSEN LTDA.";RS;118049681
343;334;"ORGANIZAÇÕES SUPER COMPRA LTDA.";MG;117470931
344;352;"CENTERMASTERSUL DISTRIBUIDORA DE ALIMENTOS LTDA.";RS;117261873
345;335;"COMERCIAL DE ALIMENTOS FERREIRA SOUZA LTDA.";PE;115000000
346;375;"ALBERTI COMÉRCIO DE ALIMENTOS LTDA.";SC;114503419
347;342;"MERCADO BRAGA CENTRAL LTDA.";RJ;114500238
348;339;"COMERCIAL TATENO DELIHOUSE LTDA";SP;114000000
349;330;"BATISTA, QUADROS E CIA. LTDA.";MS;113000000
350;358;"IRANY HONORIO DA SILVA & CIA. LTDA.";PI;111821339
351;347;"SUPERMERCADO SÃO BRAZ LTDA.";PI;111762893
352;351;"SUPERMERCADO SCHWALM LTDA.";RS;109762236
353;Nova;"SUPER MERCADO CASTANHA LTDA.";SP;109274108
354;340;"CENTRAL SUPERMERCADOS LTDA.";MS;109000000
355;331;"COOP TRITICOLA MISTA CAMPO NOVO LTDA.";RS;108733236
356;408;"COMERCIAL SAMY LTDA.";RS;108307118
357;371;"REAL SUPERMERCADO COMÉRCIO VAREJISTA DE ALIMENTOS LTDA.";PB;107876654
358;346;"SUPERMERCADO CODEBAL LTDA.";RS;106358691
359;289;"MAIOLINI SUPERMERCADO LTDA.";MG;105712603
360;361;"COMÉRCIO DE ALIMENTOS ANSOLIN LTDA.";SC;104314091
361;368;"SUPERMERCADO FARNEZE E ALVES LTDA.";MG;104171188
362;372;"SUPERMERCADO MOMBACH LTDA.";RS;104137887
363;374;"COOP REG. AGROP. SUL CATARINENSE LTDA.";SC;103277525
364;349;"COOP TRITICOLA SEPEENSE LTDA.";RS;103138719
365;367;"SUPER FREITAS COMÉRCIO E DISTRIBUIÇÃO LTDA.";SP;102187807
366;343;"FRANCK F. MULLER SUPERMERCADO LTDA.";RS;102000000
367;337;"MERCADO LISANDRA";SC;101304919
368;354;"SUPERMERCADO LEALDADE LTDA.";PE;101144227
369;350;"SUPERMERCADO GECEPEL LTDA.";RS;100609693
370;Nova;"SUPER GIRO DISTRIBUIDOR DE ALIMENTOS LTDA.";AL;100000000
371;381;"SUPERMERCADO MONTEALEGRENSE LTDA.";RN;99165448
372;362;"SUPERMERCADO NAGAI DE PRUDENTE LTDA.";SP;98287895
373;370;"CENTRO DE COMPRAS ZALESKI LTDA.";RS;98164236
374;360;"CASTANHEIRA E CIA. LTDA.";MG;97486521
375;355;"COOPERATIVA AGROINDUSTRIAL COOPERJA";SC;96856632
376;365;"DANILO ALBERTO TIZIANI E CIA. LTDA.";RS;95945509
377;359;"SUPERMERCADO COPETTI LTDA.";RS;95795059
378;398;"VIVENCE SUPERMERCADO";MG;95540000
379;Nova;"AQUARIUS COMÉRCIO DE ALIMENTOS LTDA.";PB;95364666
380;Nova;"MERCADO BENVENUTTI LTDA.";SC;94169810
381;366;"SUPERMERCADO DALPIAZ LTDA.";RS;93809474
382;405;"CASA DELIZA LTDA.";SP;93278696
383;424;"SUPERMERCADO BOM GOSTO DE AGUAÍ LTDA.";SP;93232933
384;Nova;"PORTAL SUPERMERCADOS LTDA.";RS;92897706
385;382;"JEFFERSON CARLOS LUCAS & CIA. LTDA.";SP;92256474
386;Nova;"SUPERMERCADOS CELEIRO LTDA.";ES;92236000
387;389;"COMERCIAL TICAZO HIRATA S.A.";SP;90607000
388;378;"L.F. GODOI & CIA. LTDA.";SP;90595296
389;417;"LEONIDAS ROSENDO DA SILVA E CIA. LTDA. ME.";CE;90000000
390;Nova;"COMÉRCIO DE ALIMENTOS SANTA HELENA LTDA.";MT;90000000
391;399;"SUPERMERCADO SOROCABA LTDA.";SP;89953007
392;406;"SUPER SANTOS SUPERMERCADOS LTDA.";RS;89000000
393;384;"SUPERALVO SUPERMERCADO LTDA.";PR;88772678
394;380;"PORTUGAL COM. DE PROD. DESCARTÁVEIS LTDA.";PA;88672071
395;386;"ROBERTO ALMEIDA DOS SANTOS LTDA.";BA;87908448
396;403;"PARMA COMERCIAL LTDA.";ES;86982887
397;369;"CORREIA ANDRADE SUPERMERCADO LTDA.";BA;86947579
398;395;"COOPERATIVA TRITICOLA FREDERICO WESTPHALEN LTDA.";RS;86398391
399;Nova;"FONSE SUPERMERCADOS LTDA.";RS;86115814
400;388;"RUBEN BOFF DAMIAN & CIA. LTDA.- ME";RS;86105757
401;Nova;"COOPERATIVA DOS PRODUTORES RURAIS DE ABAETÉ E REGIÃO LTDA.";MG;85734645
402;402;"IRMÃOS TEIXEIRA DE CARVALHO LTDA.";MG;85590039
403;404;"MAURILIO MARIN & CIA. LTDA.";SC;85204681
404;397;"FERRACINI & LENHARO LTDA.";SP;85000000
405;Nova;"A.A.D. LOPES ALIMENTÍCIOS LTDA.";RS;84543937
406;472;"ALMEIDA SUPERMERCADOS LTDA.";MT;84000000
407;Nova;"COOPERATIVA DOS SUINOCULTORES DO CAI SUPERIOR LTDA.";RS;83206138
408;429;"JUCELIO COSTA DE ARAÚJO";PB;82148800
409;390;"SUPERMERCADOS TRÊS JOTA LTDA.";SP;81866213
410;410;"SUPERMERCADO GIRASSOL LTDA.";SC;81667336
411;409;"SUPERMERCADO CIDADE LTDA.";PA;81458240
412;394;"MERCADO PONTO ALTO LTDA.";DF;80000000
413;401;"HOSEL E PRADO SUPERMERCADOS LTDA.";RS;80000000
414;431;"SUPERMERCADO GRANJEIRO LTDA.";CE;79839328
415;Nova;"MALAGUTI & MALAGUTI MIRASSOL LTDA.";SP;79714702
416;411;"SUPERMERCADO LUZITANA IND. COM. LTDA.";RO;79616000
417;414;"SUPERMERCADO JAPÃO LTDA.";SP;79600000
418;376;"MANOEL FRANCISCO DOS SANTOS E FILHOS LTDA.";SC;79291657
419;396;"PRADO VASCONCELOS LTDA.";SE;79146872
420;Nova;"SUPERMERCADO UNIÃO DA FAMILIA LTDA.";CE;78728408
421;383;"JOSÉ PARROTTI & CIA. LTDA.";SP;78500000
422;407;"MARIA SCHU HANSEN E CIA. LTDA. - ME";RS;78292957
423;422;"SUPERMERCADO FORTE COMÉRCIO VAREJISTA E ATACADISTA LTDA.";SC;78000000
424;Nova;"DO DIA SUPERMERCADOS LTDA.";PB;77963481
425;Nova;"SUPERMERCADO SUPER VILTON LTDA.";CE;77572568
426;412;"COOPERATIVA AGRÍCOLA MISTA NOVA PALMA LTDA.";RS;76748990
427;413;"ALMB COMÉRCIO DE ALIMENTOS LTDA. - ME";GO;76623781
428;Nova;"COGEB SUPERMERCADOS LTDA.";SP;76000000
429;419;"SUPERMERCADO FALQUETO LTDA.";ES;75000000
430;434;"P.N. COMERCIAL LTDA.";RN;74896760
431;441;"FAVORITO SUPERMERCADO LTDA.";MT;74752690
432;436;"C.R.S. MERCADO LTDA.";ES;73600912
433;437;"COMERCIAL JOÃO OLINTO ALVES FILHO LTDA.";MG;73478381
434;425;"PEDRALLI E PEDRALLI SUPERMERCADO LTDA.";RS;73366920
435;439;"COOP. DE CONSUMO DOS MORADORES DA REGIÃO DOS INCONFIDENTES LTDA.";MG;72180839
436;474;"STANGHERLIN SUPERMERCADOS LTDA.";RS;72048072
437;421;"T.M. COMERCIAL LTDA.";AL;72000000
438;480;"ATACADO DA CASA";MS;71197942
439;476;"SUPERMERCADO SANTA MARTA LTDA.";SC;70718259
440;420;"HORTIFRUTI SANTA RITA LTDA.";MS;70642000
441;427;"SUPERMERCADO DUARTE LTDA.";MS;70456000
442;464;"COMERCIAL MAR TREE DE ALIMENTOS LTDA. - ME";CE;70276974
443;432;"FREDERICO FERREIRA LOPES EIRELI - ME";GO;70000000
444;Nova;"COMERCIAL DE ALIMENTOS TRADICIONAL LTDA.";DF;70000000
445;Nova;"SUPERMERCADO TAQUARAL LTDA.";SP;69303861
446;Nova;"MBRASIL ATACADO E VAREJO LTDA.";SP;68994100
447;Nova;"PARAENSE COMÉRCIO DE ALIMENTOS LTDA.";PA;67484337
448;445;"SUPERMERCADO BLENTAN LTDA.";SP;67439457
449;448;"SUPERMERCADO 88 LTDA.";PR;67169836
450;430;"BENFICA SUPERMERCADO LTDA.";MS;67000000
451;428;"SUPERMERCADO BERTAGNOLLI LTDA.";RS;66255245
452;450;"SUPER ZART LTDA.";RS;66012407
453;443;"A.M. DE MELO LTDA";GO;66000000
454;515;"J. B. FERREIRA & CIA LTDA";SP;65239259
455;453;"PAEZE ALIMENTOS EIRELI";GO;64885092
456;452;"MERCANTIL SÃO SEBASTIÃO IMP. EXP. LTDA.";AC;64719709
457;Nova;"REBAL COMERCIAL LIMITADA";SP;64529829
458;451;"J.C.C. MIRANDA & CIA. LTDA.";PR;64500000
459;438;"COMERCIAL DE FRUT E VERDURAS CANTEIROS LTDA. - ME";DF;64336333
460;462;"SUPERMERCADO FARIA DE ITAPECERICA LTDA.";MG;63289459
461;440;"A.C.F. COMÉRCIO DE ALIMENTOS LTDA.";RS;63118586
462;522;"SUPERMERCADO VIDA NOVA EIRELLI";PB;62118469
463;444;"RODRIGUES & PEREIRA CORDEIROPOLIS LTDA";SP;62000000
464;Nova;"QUEIROZ SUPERMERCADO LTDA.";CE;62000000
465;Nova;"JAJA OSÓRIO SUPERMERCADO LTDA.";RS;61317086
466;455;"VALE FORMOSO COMÉRCIO DE ALIMENTOS LTDA.";MT;60777397
467;463;"SUPERMERCADO FLAMENGO LTDA.";SP;60682925
468;Nova;"PRONER SUPERMERCADOS LTDA.";SC;60369490
469;385;"OXAN ATACADISTA LTDA.";SP;60000000
470;147;"COMERCIAL SAKASHITA DE SUPERMERCADOS LTDA.";SP;59935759
471;471;"SUPERMERCADO NOVA COMERCIAL LTDA.";SP;59907080
472;459;"SUPERMERCADO M.S.B. LTDA.";CE;59567430
473;458;"FURLAN & PIOLA LTDA.";SP;59459188
474;460;"SUPERMERCADO FEDERZONI LTDA.";SP;59350000
475;Nova;"J.C.FORGEARINI & CIA.LTDA.";RS;59158654
476;497;"VENDRAMINI & FILHO LTDA.";RS;59000000
477;Nova;"COMERCIAL DI DOMENICO LTDA.";RS;58887685
478;468;"CRID ALIMENTOS LTDA.";BA;58596215
479;456;"SUPERMERCADO MACLIV LTDA.";PR;58468192
480;466;"SUPERMERCADO BERTUOL LTDA.";RS;58227457
481;Nova;"SUPERMERCADO BOBBIO LTDA.";ES;57000000
482;473;"SUPERMERCADO COLORADO LTDA.";SP;56948182
483;467;"C.S.P. SATO SUPERMERCADO LTDA.";SP;56839400
484;483;"SUPERMERCADO S.B. BABA LTDA.";SP;56297028
485;461;"SUPERMERCADO BURGOS & CIA. LTDA.";SP;55940518
486;454;"SUPERMERCADO M.S. BARROS LTDA.";RN;55700430
487;470;"EDIVALDO MARCONATO & CIA. LTDA.";SP;55700000
488;481;"SUPERMERCADO SHIKI LTDA.";PR;54445554
489;Nova;"P.V. SUPERMERCADO LTDA.";AL;54000000
490;477;"MERCADINHO PRIMALTER LTDA. - ME";SP;54000000
491;Nova;"R.J. CARDINAL LTDA.";AC;53030548
492;469;"SUPERMERCADO E MOBILIADORA NOVA ERA LTDA.";MG;52888237
493;488;"MERCADO PAOLAZZI LTDA.";RS;52551814
494;478;"JD MALLIA COMERCIAL LTDA. - EPP";SP;52000000
495;Nova;"SUPERMERCADO NASCIMENTO LTDA.";SP;51890000
496;Nova;"SUPERMERCADO ESTRELA COMÉRCIO DE ALIMENTOS LTDA.";PB;51501597
497;475;"R.J. GAZOLLA LTDA.";PR;51395980
498;491;"COOP ELETRIF. E DESENV. ECONÔMICO MARECHAL CANDIDO RONDON";PR;51195542
499;307;"COMERCIAL SOARES & ARAÚJO LTDA. - ME";PB;51138543
500;489;"SUPERMERCADO SANTA ROSA MEVENCE LTDA.";SP;50085052
501;495;"SUPER TCHÊ BARBARIDADE LTDA.";RS;49405000
502;449;"PONTES E SILVA COMERCIAL DE ALIMENTOS LTDA.";DF;49246385
503;485;"PEDRO MACCARI E IRMÃOS LTDA.";RS;48716776
504;504;"COMERCIAL MOURA DE JARINÚ LTDA.";SP;48488595
505;508;"MINIMERCADO L.D. MICHELS LTDA. - EPP";SC;48142413
506;Nova;"MERCADO COVELO S.A.";RJ;48000000
507;503;"ATACAREJO DE ALIMENTOS BOM DIA LTDA.";PE;48000000
508;479;"HIPERMERCADO BOM GOSTO LTDA.";MS;47997873
509;502;"MEGA DIAS SUPERMERCADOS LTDA.";SP;47675412
510;Nova;"IRMÃOS AURICCHIO E CIA. LTDA.";MG;47328459
511;Nova;"SUPERMERCADO DAKI LTDA.";RS;47184834
512;505;"CLEBER SOUZA TIAGO";MG;47166454
513;484;"V.M.J. COMÉRCIO PRODUTOS ALIMENTÍCIO LTDA.";TO;47046088
514;Nova;"J.J.M.G. COMERCIAL DE ALIMENTOS LTDA.";SP;47000000
515;490;"2M GESTÃO E PARTICIPAÇÕES SOCIETÁRIAS LTDA.";SP;46865543
516;510;"CASA LUANDA SUPERMERCADOS LTDA.";SP;46468339
517;Nova;"ATACAREJO IGUAÇÚ LTDA.";PE;46130985
518;Nova;"CENTRAL DISTRIBUIDORA STALO LTDA.";MG;45912783
519;506;"COMERCIAL LUSO URAIENSE GEN. ALIM. LTDA. - ALES";PR;45745000
520;500;"SUPERMERCADOS BANDEIRA LTDA.";SP;45396658
521;512;"SUPERMERCADO ALVORADA IRMÃOS SILVEIRA LTDA.";SP;45244777
522;499;"SUPER G DISTRIBUIDORA DE PRODUTOS ALIMENTÍCIOS LTDA.";SP;44576000
523;Nova;"P & R COMERCIAL DE ALIMENTOS LTDA.";CE;44555072
524;527;"MERCADO IRMÃOS SCHMITZ LTDA. - ME";RS;44124000
525;507;"NALEPA MACHADO E CIA. LTDA.";MS;44034233
526;531;"MERCEARIA FORTALEZA LTDA.";MG;44000000
527;Nova;"MIX CONCÓRDIA COMERCIAL LTDA.";BA;43727353
528;518;"ENEAS GONÇALVES DANTAS NETO - ME";PB;43692726
529;494;"SIQUEIRA E FILHOS LTDA.";ES;43681865
530;487;"FREITAS SUPERMERCADO LTDA.";CE;43500000
531;Nova;"SUPERMERCADO CAMILA LTDA.";MS;43332493
532;572;"C.B. MAGALHÃES - ME";MA;43151590
533;529;"SUPERMERCADO HINGHAUS LTDA.";SC;43000000
534;516;"JOSELITA COMÉRCIO VAREJISTA DE ALIMENTOS LTDA.";PB;42934000
535;509;"H.C.P. COMERCIAL DE ALIMENTOS LTDA.";DF;42000000
536;Nova;"RIO PRETO DISTRIBUIDORA DE PRODUTOS DE PANIFICAÇÃO LTDA.";SP;42000000
537;Nova;"ANUEL SUPERMERCADOS LTDA.";RS;42000000
538;493;"R & E CAMELI LTDA.";AC;41436623
539;526;"MERCANTIL SAMUEL UCHOA LTDA.";CE;41192402
540;520;"COMERCIAL ALIMENTOS SUPER DAVI LTDA.";RS;41140008
541;Nova;"MERCADO PREÇO BELO LTDA.";BA;41103316
542;514;"SUPERMERCADO VALDIR EIRELI";SC;41000000
543;Nova;"MERCADO GUALTIERI LTDA.";SP;40724275
544;Nova;"SUPERMERCADOS CAROLINA LTDA.";SP;40325563
545;533;"LUIZARI & LUIZARI LTDA.";MS;39666909
546;496;"SUPERMERCADO ZANON LTDA.";RS;39349400
547;543;"COMERCIAL ZAMPIROLLI LTDA.";ES;39236000
548;560;"SUPERMERCADO ACÁCIA LTDA.";MS;39232596
549;542;"NOVO SUPERMERCADO EIRELI";SC;39000000
550;534;"JOSÉ WILLAME DE ARAÚJO SUPERMERCADO LTDA.";PB;38812621
551;597;"O AMIGÃO SUPERMERCADO LTDA.";AL;38487184
552;540;"LIMA & COLARINO LTDA.";MT;38177346
553;Nova;"SUPERMERCADO ZANETTI LTDA.";SP;38176430
554;Nova;"COMERCIAL FRONZA LTDA.";SC;38007149
555;548;"PEDRO DONADIO NETO E CIA. LTDA.";MG;38000000
556;Nova;"CASCALHEIRA COMÉRCIO DE ALIMENTOS LTDA.";BA;37603657
557;557;"SUPERMERCADO BOM JESUS EIRELE";RN;37586886
558;537;"COMÉRCIO DE ALIMENTOS SAALFELD E CIA. LTDA.";RS;37500000
559;Nova;"SELY CREPALDI FACHOLLI & CIA. LTDA.";SP;37447000
560;546;"SUPERMERCADO L.S.B. LTDA.";SP;37370492
561;568;"SÃO JOSÉ SUPERMERCADO LTDA.";GO;37000000
562;Nova;"SUPERMERCADO CERQUEIRA LTDA.";BA;36693840
563;544;"SUPERMERCADO SHOW DE COMPRAS LTDA.";ES;36586447
564;628;"COMERCIAL DEUS TE PAGUE LTDA.";CE;36506754
565;549;"NATALINO JOSE DA SILVA - ME";SC;36415598
566;845;"SEVERINO FREIRES CAMELO";PB;36410403
567;Nova;"CASA ALVES MERCADINHO LTDA.";PB;36263843
568;Nova;"REDE VIDA SUPERMERCADO LTDA.";BA;36241660
569;545;"SUPERMERCADO NOSSA SENHORA DE FATIMA LTDA.";CE;36144862
570;607;"SUPERMERCADO MERCACERES LTDA.";GO;36082371
571;517;"MERCADINHO A MINEIRA LTDA.";SP;36000000
572;Nova;"IRMÃOS DALMOLIN GENEROS ALIMENTÍCIOS LTDA.";MT;36000000
573;552;"ALMEIDA SUPERMERCADO LTDA.";MG;35905726
574;536;"MERCADINHO IRMÃOS TAVARES COMÉRCIO VAREJISTA DE ALIMENTOS LTDA.";PB;35709809
575;574;"SUPERMERCADO BIFFÃO LTDA.";SC;35691162
576;571;"M.P.B. COMÉRCIO DE ALIMENTOS LTDA.";MS;35356210
577;547;"SUPERMERCADO PAGANINI LTDA.";ES;35047609
578;569;"COMERCIAL DE ALIM. KLOPPEL LTDA.";SC;35000000
579;513;"MALUCHO & MALUCHO LTDA.";SP;35000000
580;Nova;"SUPER CENTRO SUPERMERCADO LTDA.";RS;35000000
581;555;"SUPERMERCADO BROMBATTI LTDA.";RS;34984350
582;539;"CARVALHO COSTA PANIFICADORA LANCHONETE E MERCEARIA LTDA.";GO;34858728
583;556;"MINARE COMÉRCIO DE ALIMENTOS LTDA.";MG;34617000
584;559;"MERCADO BIANCHI LTDA. - EPP";SP;34529796
585;554;"KARPINSKI & CIA. LTDA.";RS;34210008
586;563;"SUPERMERCADO PEJOAL LTDA.";MG;34162019
587;Nova;"SUPERMERCADO TRADIÇÃO LAMI LTDA.";RS;34145347
588;553;"MERCADO CAUÃ LTDA.";RS;34033220
589;Nova;"SUPERMERCADO CESTO BAHSICO LTDA.";RS;34006918
590;525;"IRMÃOS VAZ & CIA. LTDA.";BA;34000000
591;Nova;"PESSI & DORNELES LTDA.";RS;33824000
592;551;"SUPERMERCADO BONI LTDA.";PR;33823000
593;558;"SUPERMERCADO PAMI LTDA.";ES;33543979
594;562;"GAEDICKE E CIA. LTDA.";MS;33461407
595;446;"LEMOS SUPERMERCADO LTDA.";PE;33285506
596;567;"HIPERNACIONAL LTDA.";CE;32993770
597;596;"ADELMO LEHMKUHL & CIA. LTDA.";SC;32028604
598;651;"SAULO FIGURA - EPP";SC;31528000
599;594;"MARIA ELIENE DE SOUZA E SILVA";CE;31391000
600;573;"SUPERMERCADO RECANTO DA ECONOMIA LTDA.";SP;31206586
601;577;"SUPER FAVERO ALIMENTOS LTDA.";PR;31000000
602;602;"SUPERMERCADO FRITZKE";SC;31000000
603;604;"SUPERMERCADO CENTRAL DE MIRADOURO LTDA.";MG;30988409
604;566;"SALVADOR & BOTELHO SUPERMERCADOS LTDA.";SP;30754716
605;538;"JOTA KA SUPERMERCADO LTDA.";SC;30727695
606;580;"EVALDO M. GOMES & CIA LTDA.";SP;30581772
607;Nova;"SUPER MORESCO LTDA.";RS;30551589
608;575;"JAYME VIEIRA SUPERMERCADO LTDA.";MG;30446045
609;671;"SUPERMERCADO DAMASCO LTDA.";GO;30352633
610;615;"M.M. MATOS SUPERMERCADO LTDA.";CE;29966663
611;600;"FRANCISCO JORGE DIMER";RS;29750000
612;391;"ALESSANDRO MORBECK TEIXEIRA EIRELI - EPP";MT;29528652
613;579;"COMERCIAL VASCONCELOS LTDA.";MG;29500000
614;618;"SUPERMERCADO 2B LTDA.";MG;29454919
615;587;"BONERJAO SUPERMERCADO LTDA. - ME";RN;29369711
616;588;"MERCADO CAMPOS SALLES LTDA.";SC;29115596
617;606;"ALVORADA ABASTECEDORA DE GEN. ALIM. LTDA.";RS;29064884
618;Nova;"SUPERMERCADO DUAS ESTRELAS LTDA.";BA;29055845
619;589;"CHIQUETO & CHIQUETO LTDA.";PR;29041046
620;Nova;"MEGA VERDE SUPERMERCADO LTDA.";PE;29022152
621;Nova;"HIPER KOMETA COMÉRCIO ALIMENTICIO LTDA.";AC;28947843
622;532;"DADA SUPERMERCADO LTDA.";MG;28816689
623;Nova;"SUPERCOP ZONA SUL LTDA.";RN;28695672
624;598;"DECIO OLIVEIRA SUPERMERCADOS LTDA.";RS;28589000
625;583;"SUPERMERCADO PIRAMIDE LTDA.";SP;28479994
626;578;"FERNANDES & PALOMO LTDA.- EPP";SP;28250940
627;Nova;"S.A. SUPERMERCADOS LTDA.";BA;28027851
628;603;"MERCADO COQUEIRO LTDA.";SP;28000000
629;599;"SUPERMERCADO RESIDENCIAL LTDA.";MT;27809551
630;Nova;"COMERCIAL DE ALIMENTOS ARMAZÉM DO GERALDO LTDA.";DF;27660647
631;Nova;"SUPERMERCADO NANDI LTDA.";PR;27600000
632;Nova;"MAURICIO FRANCISCO GOMES E CIA. LTDA.";SP;27600000
633;608;"SUPERMERCADO VILELA KHOURI E EL HADJ LTDA.";MG;27568000
634;Nova;"SUPER 10 COMÉRCIO DE ALIMENTOS LTDA.";BA;27457802
635;652;"CASA EXPRESS SUPERMERCADO LTDA.";SC;27351254
636;584;"COMÉRCIO DE ALIMENTOS PREDILETO LTDA.";RS;27351191
637;Nova;"BOM VAREJO SUPERMERCADO LTDA.";BA;27202489
638;Nova;"SANTOS E LACERDA COMERCIAL LTDA.";BA;26932805
639;593;"M&N SUPERMERCADO LTDA.";RS;26804849
640;632;"CONSTANTE & NASCIMENTO LTDA.";RS;26551695
641;657;"DAKI COMÉRCIO DE ALIMENTOS LTDA.";RS;26458421
642;Nova;"SUPERMERCADO COMPREMAIS LTDA.";PB;26388000
643;Nova;"S.M.R. RIBEIRO SUPERMERCADO LTDA.";BA;26347321
644;586;"UAI DISTRIBUIÇÃO ATACADO E VAREJO LTDA.";MG;26330534
645;635;"ALAIN DELLON SILVA OLIVEIRA - ME";PB;25998272
646;611;"SUPERMERCADOS E.J.C. LTDA. - EPP";PB;25701577
647;609;"SUPERMACHADO COM. DE ALIM. LTDA.";SC;25587000
648;591;"SUPERMERCADO VICOSENSE LTDA.";MG;25495675
649;Nova;"COSTA & SOARES COMÉRCIO DE ALIMENTOS LTDA.";PB;25489890
650;627;"MARTOVICZ FAVERO & CIA LTDA.";RS;25471745
651;582;"VITORIA REAL SUPERMERCADOS LTDA.";CE;25308213
652;619;"BAR E MERCEARIA MUQUECA LTDA.";RJ;25225362
653;613;"COMERCIAL DE ALIMENTOS MMA LTDA.";RS;25000000
654;614;"MERCADINHO PROVISÃO LTDA.";PB;25000000
655;Nova;"SUPERMERCADO OLIVEIRA GALO BRANCO LTDA.";SP;24851000
656;617;"SEIARA CEIFA LTDA.";MS;24517545
657;Nova;"M.C.X. SUPERMERCADO LTDA.";RS;24240879
658;565;"SUPERMERCADO NANDAS LTDA.";MS;24129729
659;595;"MERCADO ALT LTDA.";RS;24000000
660;629;"SUPERMERCADO PRIMUS LTDA.";MG;23970836
661;Nova;"SUPERMERCADO MEGA MIX LTDA.";BA;23961461
662;616;"C.R.S. MATSUDA ALIMENTOS LTDA.";MS;23772972
663;747;"VITÓRIA RÉGIA COM. VAREJISTA DE GÊNEROS ALIMENTÍCIOS LTDA.";CE;23434412
664;667;"SUPERMERCADO BOM JESUS DE OURINHOS LTDA.";SP;23398993
665;653;"MERCADINHO CANTINHO DAS FRUTAS LTDA.- ME";CE;23212534
666;666;"ALIMENTOS PERSIL LTDA.";RS;23158018
667;Nova;"REMARO COMERCIAL LTDA.";SP;23134763
668;625;"COMERCIAL SABOR DE PÃO LTDA.";MG;23000000
669;Nova;"SUPERMERCADO RODRIGUES LTDA.";SC;23000000
670;654;"FILEZÃO SÃO CRISTOVÃO LTDA.";PB;22959203
671;612;"COMERCIAL DE ALIMENTOS S.R. LTDA.";SP;22941590
672;624;"SPIRANDELI & SPIRANDELI LTDA.";SP;22878000
673;633;"ARMANDO ANTÔNIO MARTINS EIRELI";GO;22439235
674;672;"GREGORIO JORDÃO & FILHOS LTDA.";SP;22366292
675;Nova;"CR PRODUTOS ALIMENTÍCIOS LTDA.";GO;22316000
676;636;"COMERCIAL ALIM. RICCI LTDA.";RS;22045490
677;642;"SUPERMERCADO D & D LTDA.";CE;22033177
678;626;"MINIMERCADO GRANDO LTDA. - ME.";RS;22000000
679;638;"COMERCIAL DE ALIMENTOS REDE FORT LTDA.";BA;21877021
680;650;"SUPERMERCADO BAIXADA LTDA.";SC;21800000
681;644;"C & B SUPERMERCADOS LTDA.";BA;21750748
682;647;"Q’ PRECO SUPERMERCADO LTDA.";PB;21627094
683;Nova;"SKINÃO SUPERMERCADO LTDA.";CE;21600000
684;648;"MARCOS VARIEDADES LTDA.";CE;21201708
685;Nova;"ENIO LUIZ STANGHERLIN LTDA.";RS;21142707
686;668;"LEMOS SUPERMERCADO LTDA.";RN;21079553
687;674;"CHIQUINHO SUPERMERCADO LTDA.";SP;20978118
688;676;"GONÇALVES & GONÇALVES SUPERMERCADO LTDA.";MS;20931332
689;570;"FIALHO & MOREIRA LTDA.";SP;20926593
690;620;"MARIA HELENA MONFARDINI POZZOBON - ME";RS;20901082
691;630;"RIBEIRO & MOREIRA SUPERMERCADO LTDA.";SP;20750030
692;656;"DELLAZERI SUPERMERCADO LTDA.";RS;20639456
693;669;"MERCADO BRASCO LTDA.";RS;20603806
694;682;"SUPER MILL SUPERMERCADOS EIRELI";PR;20577906
695;681;"VAREJÃO IRMÃOS FERNANDES LTDA.";MG;20427118
696;Nova;"E.V.W. COMÉRCIO VAREJISTA DE ALIMENTOS LTDA.";PB;20409363
697;Nova;"SUPERMERCADO PAG POKO ASSIS LTDA.";SP;20373000
698;646;"SILVEIRA & SIPP LTDA.";RS;20355728
699;680;"SUPERMERCADO TAMOYO FLEX LTDA.";SP;20232609
700;Nova;"BARBOZA COMÉRCIO VAREJISTA DE ALIMENTOS LTDA.";PB;20204385
701;687;"MERCADO SAMARA LTDA.";PR;20019046
702;655;"SUPERMERCADO K.L. LTDA.";RS;20000000
703;Nova;"COMERCIAL DE ALIMENTOS ENTRE IJUIS LTDA.";RS;20000000
704;675;"SUPERMERCADO REAL LTDA. - ME";SC;19980546
705;699;"G.S. SUPERMERCADO LTDA.";SE;19868405
706;Nova;"ALBINO JOSÉ DE CARVALHO NETO";BA;19858273
707;Nova;"RICK CENTER VAREJO ALIMENTAR LTDA.";BA;19809963
708;660;"CENTRO COMERCIAL MESA FARTA LTDA.";CE;19643225
709;Nova;"BRAULIO CACERES LTDA.";MS;19543000
710;658;"ARI DA CAS & IRMÃOS LTDA.";RS;19524520
711;Nova;"SUPERMERCADO SUECO LTDA.";RS;19334154
712;688;"PONTO VERDE SUPERMERCADO LTDA.";PR;19300000
713;Nova;"HEICK CENTER COMERCIAL LTDA.";BA;19281993
714;643;"MERCADO BARCAROLO LTDA.";SC;19157481
715;665;"COOPERATIVA AGRÁRIA SÃO JOSÉ LTDA";RS;19094119
716;631;"EMPORIO JOAB LTDA.";MG;19083237
717;662;"PELLIM & DENADAI LTDA.";MS;19067464
718;686;"SUPERMERCADO AVE CARNE LTDA.";BA;19004004
719;Nova;"R. B. BERTOLOTO & CIA. LTDA.";RJ;19000000
720;Nova;"PEDRO BOTELHO & CIA- VERA CRUZ LTDA.";SP;19000000
721;679;"IGUASUPER EIRELI EPP";MG;18998250
722;Nova;"G.M.P. DELICATESSEN E SUPERMERCADO LTDA.";BA;18603030
723;701;"VILA NOVA MAX SUPERMERCADOS LTDA.";SP;18601833
724;678;"J.B. SUPERMERCADO LTDA.";PR;18500000
725;692;"SUPER MENOR PREÇO LTDA. - EPP";CE;18437362
726;683;"SUPERMERCADO FACHINI LTDA.";RS;18400195
727;Nova;"SUPER ESTRELA COMÉRCIO DE ALIMENTOS LTDA";BA;18362008
728;702;"MERCADO ELDORADO LTDA";SP;18178781
729;Nova;"SUPERMERCADO AVÍCOLA CENTRAL LTDA.";PB;18067752
730;Nova;"DALL´AGNOL COM. DE ALIM. LTDA.";SC;18000000
731;689;"SUPERMERCADO PREDOSA";PR;18000000
732;695;"A.A.G. COMÉRCIO VAREJISTA DE ALIMENTOS LTDA.";PB;17847060
733;705;"MERCANTIL ALVES LTDA.";RN;17701000
734;846;"SUPERMERCADO SANTA LUCIA DRACENA LTDA.";SP;17697517
735;Nova;"NOBRE MINAS DISTRIBUIDORA DE ALIMENTOS EIRELI";MG;17586191
736;697;"SUPERMERCADO TONUS LTDA.";RS;17500000
737;721;"MERCADO BOGO LTDA.";SC;17385000
738;693;"T.J. MARINELLI & MARINELLI LTDA.- ME";SP;17320555
739;Nova;"SUPERMERCADOS RODRIGUES LTDA.";GO;17200000
740;Nova;"P.S. MARENDAZ COMÉRCIO DE ALIMENTOS LTDA.";BA;17166672
741;Nova;"COMERCIAL LAURITA LTDA.";ES;17136027
742;690;"A.N.G SUPERMERCADOS LTDA.";BA;17000000
743;706;"SUPERMERCADO BOCCHI LTDA.";RS;16957000
744;737;"IRMÃOS NETTO LTDA.";PR;16854767
745;698;"SANTOS E OLIVEIRA SUPERMERCADOS LTDA.";MG;16800000
746;704;"ADRIANO DA ROCHA SUPERMERCADO LTDA.";PR;16794896
747;714;"KIESEL COMERCIAL LTDA.";RS;16794025
748;703;"SUPERCENTER ALIMENTOS LTDA.";SC;16700000
749;700;"SUPERMERCADO C.S. FERNANDES LTDA.";MG;16564000
750;Nova;"SUPERMERCADO SÃO SEBASTIÃO LTDA;";PB;16535956
751;708;"BAENA E CIA. LTDA.";MS;16500000
752;733;"OLIVEIRA E BASTOS LTDA.";ES;16452135
753;716;"LEONILDO PORTO";PB;16298263
754;719;"SUPERMERCADO GOMES & FILHOS LTDA.- ME";RN;16212739
755;784;"SUPERMERCADO XEPA LTDA.";TO;16119654
756;736;"K.E.K. COMERCIAL DE CEREAIS LTDA.";ES;16000000
757;711;"SUPERMERCADO UNIVERSO LTDA. - ME";PB;15853000
758;Nova;"SUPERMERCADO MOREIRA BITENCOURT LTDA.";RS;15670000
759;Nova;"CUNHA CLARO SUPERMERCADO LTDA.";SP;15498304
760;Nova;"SUPERMERCADOS LEIMAR LTDA.";BA;15424000
761;754;"SUPERMERCADO GENIAL S. LTDA.";RS;15099179
762;757;"SCHMIDT & CIA. LTDA.";SC;15002000
763;Nova;"MERCADO PARANÁ LTDA.";MS;15000000
764;726;"SUPERMERCADO GRAN MORO LTDA.";SP;15000000
765;Nova;"SUPERMERCADO MONIKA LTDA.";SC;15000000
766;743;"SUPERMERCADO KRUGER LTDA.";PR;15000000
767;744;"SUPERMERCADO DELL’AGNOLO LTDA.";SC;15000000
768;Nova;"ABRÃO E KOCHHANN LTDA.";RS;15000000
769;Nova;"FLAVIANA TOMAZ DA ROCHA SILVA LTDA.";PB;14763195
770;763;"SUPERMERCADOS MAGALHAES EIRELI - EPP";MG;14760875
771;731;"AGRO COMERCIAL KAMMER LTDA.";SC;14703026
772;844;"MERCADO AJUBA LTDA.";PB;14619610
773;Nova;"MERCADO GOMES LTDA.";PB;14566856
774;742;"ALMEIDA E OLIVEIRA LTDA.";MG;14555787
775;Nova;"MEGA ESTRELA COMÉRCIO DE ALIMENTOS LTDA.";BA;14529119
776;832;"JOSÉ BITTENCOURT & FILHOS LTDA.";SC;14500000
777;729;"UNIÃO COMÉRCIO DE ALIMENTOS EIRELI";PB;14459894
778;Nova;"S.S.A. COMÉRCIO DE ALIMENTOS LTDA.";PB;14457631
779;787;"SAMUEL DE ARAÚJO LEITE";PB;14400000
780;Nova;"GIDANI SUPERMERCADO LTDA.";RS;14332288
781;746;"CARLOS ALEXANDRE DA SILVA ROSA - ME";SP;14265529
782;769;"BORTOLUZZI ALVES COMÉRCIO DE ALIMENTOS LTDA.";PR;14202930
783;750;"M BOX SUPERMERCADO EIRELI";SP;14064448
784;751;"MOTTA & CAIRES LTDA. - ME";SP;13997950
785;777;"JL RODRIGUES E SILVA LTDA.";MG;13952977
786;Nova;"R.N. DE OLIVEIRA ALIMENTÍCIOS";CE;13829191
787;791;"IRMÃOS WERLANG COMÉRCIO DE GÊNEROS ALIMENTICIOS LTDA.";RS;13699647
788;Nova;"VIEIRA COMÉRCIO VAREJISTA DE ALIMENTOS LTDA.";PB;13478797
789;753;"BIGGI & SILVA LTDA.";PR;13471409
790;758;"PAPA FERNANDES & CIA LTDA.";SP;13259653
791;745;"SUPERMERCADO SIERRA LTDA.";PR;13200000
792;Nova;"JOSIANE ALICE WERLICH MOREIRA LTDA";MS;13120085
793;732;"W.J. ALIMENTOS LTDA.";MS;13094617
794;Nova;"ESTRELA COMÉRCIO DE ALIMENTOS LTDA.";BA;13025543
795;781;"SONAGLIO COM. DE ALIM. LTDA. - AMMPA";RS;13020754
796;798;"MERCANTIL APUIARES LTDA.";CE;13008812
797;Nova;"MERCADO ROCHA & SIERRA LTDA.";PR;13000000
798;Nova;"MODOLIN, CHIES & CIA LTDA.";SP;13000000
799;Nova;"SUPERMERCADOS CONVERSANI GUARANTA LTDA.";SP;13000000
800;Nova;"SUPERMERCADO ROSSANO LTDA.";SP;13000000
801;785;"SUPERMERCADO DIA & DIA LTDA.";ES;13000000
802;774;"SUPERMERCADO MOREIRA PAZ LTDA.";RS;12947519
803;775;"A.A. FOLTRAN";SP;12776300
804;836;"PUCHALSKI COMÉRCIO LTDA.";RS;12755000
805;760;"PINHEIRO & PINHEIRO LTDA.";SC;12694897
806;765;"CLARICE DE FÁTIMA SANTO & CIA. LTDA.";PR;12500000
807;850;"PALMA COMERCIAL DE ALIMENTOS LTDA.";MS;12500000
808;Nova;"LUIZ FERNANDO MOREIRA SANCHES LTDA.";SP;12500000
809;783;"SUPERMERCADO O CAIPIRA LTDA. - EPP";PB;12421400
810;790;"M. ALEX SOARES DE MEDEIROS";RN;12404990
811;Nova;"BENDER SUPERMERCADO E CAFETERIA LTDA.";RS;12334694
812;778;"H. CANTALICE DE ARAUJO LTDA.";RN;12185174
813;Nova;"J.L. DELAZERI & CIA. LTDA.";RS;12000000
814;786;"SUPERMERCADO VALIATI LTDA.";PR;12000000
815;768;"SUPERMERCADO SIM LTDA.";SP;12000000
816;Nova;"VALTENIR ROQUE KOSCHECK";RS;12000000
817;826;"SUPERMERCADO PREDIGER LTDA.";DF;12000000
818;782;"COMERCIAL SÃO GERALDO";MG;11974000
819;Nova;"R.S.B SUPERMERCADO LTDA.";BA;11782937
820;849;"COMÉRCIO DE ALIMENTOS IRMÃOS BARRIM LTDA.";SC;11766899
821;Nova;"COOPERATIVA AGRÍCOLA MISTA IBIRAIARAS LTDA. - COOPIBI";RS;11743000
822;Nova;"CORREA - SUPERMERCADO LTDA.";RS;11570300
823;759;"NELSON MÁRCIO & CIA. LTDA.";SC;11546000
824;773;"MERCADO BONIMIX LTDA.";SC;11520000
825;764;"SUPERMERCADO PAVAN LTDA.";SC;11339360
826;Nova;"RENATO MARANDOLA EIRELI - EPP";SP;11280000
827;771;"JOSÉ PEREIRA OLIVEIRA - ME";PB;11263699
828;793;"SUPERMERCADO KATIA E KARLA LTDA. - EPP";MG;11261428
829;779;"ZANUSO SUPERMERCADO LTDA.";RS;11187171
830;795;"N.S.J. COMÉRCIO ALIMENTÍCIO LTDA.";SP;11088206
831;664;"SUPERMERCADO POP LTDA.- ME";CE;11000000
832;Nova;"MAIC S.S. MERCADO LTDA.";RS;11000000
833;Nova;"COALY COMERCIAL DE ALIMENTOS LTDA.";PB;10994008
834;Nova;"MERCADO PERENNE HERCILIA LTDA.";SP;10964568
835;910;"CLAUDIRLEI DORINI";SC;10900000
836;806;"SUPERMERCADO VINTE COMÉRCIO DE ALIMENTICIOS LTDA.";CE;10814215
837;804;"MERCADO TIZIL LTDA.";PR;10800000
838;848;"SUPERMERCADO AMANBERT LTDA.";SC;10700000
839;Nova;"M.M. TREVISAN & CIA. LTDA.";RS;10700000
840;817;"MONTEIRO COMÉRCIO DE ALIMENTOS LTDA.";PB;10657179
841;792;"LOJAS MEIRA LTDA.";RN;10645000
842;815;"MERCADO ROST LTDA.";RS;10598002
843;825;"A. DELAPRIA & CIA LTDA.";PR;10413568
844;820;"AGRICARNE COMERCIAL DE ALIMENTOS LTDA.";DF;10400000
845;Nova;"MERCADINHO DANTAS LTDA.";PB;10348565
846;Nova;"PAIVA SUPERMERCADO LTDA.";RJ;10313297
847;809;"J. BIASOLI & CIA LTDA.";PR;10200000
848;813;"REAL CEREAIS, IMPORTAÇÃO E EXPORTAÇÃO LTDA.";MG;10156724
849;799;"MERCADO MAGELA LTDA.";MG;10061734
850;Nova;"SUPER ZONA NORTE LTDA.";RS;10000000
851;Nova;"F&C - COMERCIAL DE ALIMENTOS LTDA.";DF;10000000
852;535;"L&C - COMERCIAL DE ALIMENTOS LTDA.";DF;10000000
853;Nova;"CIDA SUPERMERCADO LTDA.";SP;10000000
854;770;"SUPERMERCADO COMPRE CERTO LTDA.";MG;10000000
855;801;"GARCIA SUPERMERCADOS LTDA.";ES;10000000
856;819;"JOSÉ BENONI NUNES & CIA LTDA.";SC;10000000
857;800;"SUPERMERCADO FERRARI LTDA.";ES;9975265
858;Nova;"SUPERMERCADO RIBEIRO & RIBEIRO LTDA.";MG;9885035
859;Nova;"JOSÉ CARLOS NEVES DE OLIVEIRA LTDA.";BA;9846303
860;Nova;"SUPERMERCADO BOMFIM LTDA.";BA;9676580
861;Nova;"COMPRE MAIS SUPERMERCADO LTDA.";PB;9600000
862;841;"KARPEJANE & DIVINO LTDA.";GO;9600000
863;834;"MERCADINHO LAR SERVICE LTDA.";SP;9600000
864;831;"SUPERMERCADO POKA LTDA.";MG;9490939
865;808;"SIMÃO BARBOSA ALVES";PB;9351087
866;772;"SUPERMERCADO GOLFETO LTDA.";PR;9309002
867;823;"MARIA LÚCIA NASCIMENTO ALMEIDA";BA;9265696
868;866;"COMERCIAL DE ALIMENTOS HACK LTDA. - ME";PR;9146471
869;Nova;"MERCADO POUCO PRECO LTDA.";SC;9138080
870;858;"MERCADO E ACOUGUE PAINI & CIA. LTDA.";SC;9020096
871;Nova;"LAMOUNIER E RODRIGUES SUPERMERCADO LTDA.";MG;9000000
872;789;"SUPERMERCADO FAGUNDES LTDA.";BA;9000000
873;807;"ATENDE N.S.A. COMÉRCIO E DISTRIBUIÇÃO LTDA.";SP;9000000
874;830;"V. BIEZON FERREIRA EIRELI ME";MS;8900000
875;839;"ELOI CARLOS WEBER";RS;8800000
876;840;"SUPERMERCADO RANSAN LTDA.";SC;8800000
877;829;"DOMUS SUPERMERCADO LTDA.";CE;8775221
878;Nova;"RIBEIRO COMÉRCIO DE PRODUTOS ALIMENTÍCIOS LTDA.";PB;8586313
879;842;"ORGANIZACAO SAN LIMA LTDA.";MG;8572293
880;Nova;"MINUANO SUPERMERCADO LTDA.";RS;8552861
881;Nova;"MANOELA SELAU SILVA E CIA. LTDA.";RS;8500000
882;818;"DALOCIO & BERGAMASCHI MINI MERCADO LTDA.";SP;8451541
883;854;"SUPERMERCADO BORTOLON LTDA.";RS;8423800
884;Nova;"ICERI & ICERI SUPERMERCADO LTDA.";SP;8400000
885;822;"SUPERMERCADO DIAMANTE LTDA.";DF;8400000
886;Nova;"LIMA & LIMA LTDA.";AL;8400000
887;843;"ADAMASTOR DE LIMA CORREIA LEITE";BA;8388730
888;855;"DANUSIO DE PAIVA FERREIRA - ME";CE;8368913
889;860;"J.M.S SUPERMERCADO LTDA.";SC;8200000
890;Nova;"SUPERMERCADO PYETRO LTDA.";RN;8154000
891;Nova;"MERCADINHO BOI GORDO LTDA.";PB;8119132
892;929;"ALMEIDA & LUCENA LTDA.";RN;8000000
893;Nova;"SUPERMERCADO AVÍCOLA CENTRAL LTDA.";PB;7971834
894;853;"SUPER DA CASA LTDA.";RS;7955095
895;871;"COMERCIAL GRÃO PARA LTDA. - ME";SC;7944175
896;880;"MERCADO JOABE LTDA.";RS;7773634
897;867;"C.V. CARARO MERCADO";SC;7747798
898;Nova;"MERCADO E PADARIA SABOR DO MAR LTDA.";BA;7738932
899;856;"SUPERMERCADO MAGAZINE BOA SORTE LTDA.";PB;7672543
900;838;"PAD. MERCEARIA SÃO JOSÉ LTDA.";BA;7619000
901;857;"MERCADINHO PRAKASA LIMITADA";SP;7500000
902;859;"MINIMERCADO FILEZAO LTDA. - ME";PB;7499830
903;894;"CORREIA & LAGO LTDA.";BA;7200000
904;Nova;"REBELATO & CIA. LTDA.";SP;7110000
905;Nova;"SUPERMERCADO DEL RIO LTDA.";GO;7107250
906;870;"COMERCIAL M.T. LTDA.";MG;7099000
907;874;"COMERCIAL DE ALIMENTOS MILÊNIO LTDA.";SC;7094505
908;884;"CANAÃ COMERCIAL DE ALIMENTOS LTDA.";SP;7000549
909;872;"MINIMERCADO BANDEIRANTE LTDA.";BA;7000000
910;Nova;"SUPERMERCADO RITTER LTDA.";RS;7000000
911;851;"SCHUNK E CHRIST LTDA.";ES;7000000
912;876;"DAILSON ELSO DE OLIVEIRA E CIA. LTDA.";BA;6980000
913;877;"J.C. ANDRADE SOUZA & CIA. LTDA. - EPP";MT;6908992
914;879;"SUPERMERCADO REMUS LTDA.";RS;6841734
915;893;"SIDNEY LEÃO - ME";PR;6720000
916;875;"MERCADO LAZZARETTI LTDA.";RS;6685208
917;899;"SUPERMERCADO LUNARDELLI LTDA.";RS;6631998
918;Nova;"CDANTAS COMÉRCIO VAREJISTA DE ALIMENTOS LTDA.";PB;6561957
919;890;"SUPERMERCADO DEL LAR LTDA.";MG;6404165
920;902;"MARIA DO SOCORRO ALBUQUERQUE - EPP";CE;6362143
921;Nova;"BARP SUPERMERCADO LTDA.";SC;6360000
922;863;"FELLIZARDO ATACAREJO LTDA.";GO;6347845
923;885;"PERRONE & PERRONE LTDA.";SP;6319439
924;Nova;"BEIJAMIN STEFEN SONAGLIO";RS;6300000
925;Nova;"SUPERMERCADO VIVVAN LTDA.";RS;6285473
926;888;"SUPERMERCADO ZARELI LTDA.";PR;6250000
927;Nova;"COMERCIAL DE ALIMENTOS DAMIÃO LTDA.";RS;6246743
928;895;"SUPERMERCADO ECONÔMICO LTDA.";SP;6000000
929;Nova;"RONALDO CASTELO";ES;6000000
930;Nova;"MERCADO KALINHO LTDA.";SC;6000000
931;889;"ROSELI APARECIDA FERREIRA DA SILVA - ME";PR;6000000
932;898;"MINIMERCADO J.ARAUJO DA SILVA EIRELI";PB;5990125
933;903;"CABRAL SUPERMERCADO LTDA.";CE;5930515
934;Nova;"SUPERMERCADO PALMITAL LTDA.";SP;5700000
935;905;"SUPERMERCADO PIO XII LTDA.";MG;5579817
936;939;"SUPERMERCADO TEDESCO LTDA. - ME";SC;5576048
937;Nova;"MILANEZI & LOPES LTDA.";RS;5511680
938;887;"SUPERMERCADO BEM BRASIL LTDA.";SC;5450350
939;897;"ARMAZÉM LACERDA LTDA.";PE;5419999
940;901;"DESTASSI & CIA. LTDA.";SP;5402000
941;Nova;"R. DE J. LONGO E CIA. LTDA. - EPP";MG;5250000
942;Nova;"MIGUEL DA SILVA BASTOS";PB;5225005
943;896;"AUTO SERVICO LUCRO REAL LTDA. - ME";ES;5152610
944;916;"SUPERMERCADO MARCON LTDA.";RS;5139560
945;906;"SIMONE SILVA COSTA - ME";SP;5096578
946;921;"COSTA E BERTANHA MERCEARIA LTDA.";SP;5074037
947;Nova;"FRANCA SUPERMERCADOS LTDA.";BA;5045484
948;900;"MERCADO REMAX LTDA.";SP;5000000
949;913;"COMERCIAL DE TECIDOS MONTINI LTDA.";RS;4800000
950;908;"SUPERMERCADO VOLMAR LTDA. - REDE MASTERVALE";SC;4800000
951;904;"COMÉRCIO FRUTAS SÃO MIGUEL LTDA.";SC;4712507
952;917;"L.R.B. GUARI LTDA. - ME";SP;4700000
953;Nova;"MERCADO BARBOSÃO LTDA.";PB;4654137
954;930;"A.S. CERQUEIRA SUPERMERCADO LTDA.";BA;4500000
955;911;"ARNALDO ROCHA MENEZES";PE;4500000
956;Nova;"SUPERMERCADO D.D.C. LTDA.";RS;4350000
957;918;"M.S. MARIUSSI LTDA.";PR;4300674
958;Nova;"SUPERMERCADO PEDROSA E BANDEIRA LTDA.";PR;4300000
959;Nova;"SUPERMERCADO ALTERNATIVO LTDA.";RN;4284000
960;Nova;"SUPERMERCADO MAGGI BORGES LTDA.";RS;4180357
961;924;"SUPERMERCADO DUKELLI LTDA.";SC;4005474
962;Nova;"MERCADO E AÇOUGUE SEVERO LTDA.";RS;4000000
963;Nova;"SUPERMERCADO BELMONTE LTDA.";PE;3900000
964;915;"EMPÓRIO E PADARIA SANTO ANTÔNIO LTDA. - EPP";SP;3850000
965;925;"FERNANDES & PRIMOS LTDA. - ME";SP;3850000
966;Nova;"L.H.S.COMÉRCIO DE GENEROS ALIMENTÍCIOS LTDA.";PR;3814000
967;931;"MILENA SOUZA MELO SILVA LTDA.";BA;3800000
968;914;"DIAS BARBOSA VAREJOS LTDA.";BA;3800000
969;Nova;"CAPELETTI CASA DE CARNES E MERCEARIA LTDA.";RS;3600000
970;926;"HALLBS MESTRE COMÉRCIO DE ALIMENTOS LTDA.";GO;3600000
971;Nova;"M.J.P ALIMENTOS LTDA.";DF;3600000
972;862;"SUPERMERCADO URCIANO LTDA.";MG;3600000
973;Nova;"EUTERLANDIA SOBRAL DE SOUZA LTDA.";PB;3600000
974;Nova;"MAXSUL REDE DE CONVENIÊNCIA LTDA.";RS;3600000
975;Nova;"MERCADO COPINI LTDA.";RS;3586453
976;932;"C M DE PAULA & PAULA LTDA. - ME";SP;3500000
977;Nova;"A.M. SUPERMERCADO LTDA.";RS;3430000
978;933;"MERCEARIA JUBILEU LTDA.";PR;3390000
979;Nova;"JOSÉ GOMES DE SOUZA NETO";PB;3295196
980;935;"J.C. BELTRAM SUPERMERCADOS LTDA. - EPP";SP;3200000
981;941;"A. ROGERIO PIRES LOPES & CIA. LTDA. - ME";SP;3198568
982;936;"ADEMIR PISCINELI JEA - ME";SP;3000000
983;945;"ONELSO NAVA & CIA. LTDA.";PR;3000000
984;947;"ALAOR MESSIAS MARQUES E CIA. LTDA.";MG;2980000
985;940;"SUPERMERCADO MARILAR LTDA. - EPP";MG;2774963
986;942;"JAIME HOSTINS";SC;2756240
987;946;"S. SILVA & FILHOS LTDA.";RS;2756232
988;949;"SUPERMERCADO COMIN LTDA.";RS;2640000
989;974;"ADJALMA SATURNINO DE FARIAS - EPP";AL;2613629
990;Nova;"YARA BEATRIZ MULLER NYLAND";RS;2600000
991;943;"CANTO DISTRIBUIDORA DE ALIMENTOS LTDA.";CE;2500000
992;948;"VAREJÃO DA PRAIA LTDA.";MG;2500000
993;Nova;"GULART & CIA. LTDA.";MS;2300000
994;Nova;"MÁRCIO DIÓGENES JONER DO AMARAL";RS;2272000
995;971;"COMERCIAL IPANEMA LTDA.";SC;2265934
996;958;"J. MARCOS ALVES TRINDADE & CIA. LTDA.";BA;2222973
997;952;"COSTA COMÉRCIO DE ALIMENTOS E CESTAS BÁSICAS LTDA. - EPP";SP;2200000
998;954;"AZENHA E BARRETO SUPERMERCADO LTDA.";SP;2145000
999;963;"MERCADO MG LTDA. - EPP";SC;2139418